{
    "game2DCellSize": [
        60.0,
        60.0
    ],
    "gameScreen2DCellSize": [
        9,
        7
    ],
    "gameScreen2DCenter": [
        3,
        2
    ],
    "windowAspectRatio": [
        1.014062523841858,
        1.0652778148651123
    ],
    "windowSize": [
        1280,
        720
    ],
    "windowTitle": "pto8913"
}
