{
    "game2DCellSize": [
        64.0,
        64.0
    ],
    "gameScreen2DCellSize": [
        9,
        7
    ],
    "gameScreen2DCenter": [
        3,
        6
    ],
    "windowAspectRatio": [
        1.0245901346206665,
        1.058750033378601
    ],
    "windowSize": [
        732,
        800
    ],
    "windowTitle": "pto8913"
}
